,origin_count,dest_count
mean,27.803566032033846,27.803566032033846
25%,1.0,1.0
50%,4.0,5.0
75%,18.0,21.0
95%,143.0,133.0
max,1530.0,2382.0
